kabupaten,komoditas,tahun,produksi_ton,luas_panen_ha,produktivitas_ton_per_ha
Kab. Bandung,Bawang Merah,2015,37259.0,3247.0,11.474899907607021
Kab. Bandung,Bawang Merah,2016,30647.1,2633.0,11.639612609191037
Kab. Bandung,Bawang Merah,2017,46830.0,2258.0,20.739592559787422
Kab. Bandung,Bawang Merah,2018,64585.8,5288.0,12.213653555219365
Kab. Bandung,Bawang Merah,2019,62100.1,5197.0,11.949220704252452
Kab. Bandung,Bawang Merah,2020,60936.1,5049.0,12.068944345414934
Kab. Bandung,Bawang Merah,2021,58900.3,5002.0,11.775349860055979
Kab. Bandung,Bawang Merah,2022,77278.9,6595.5,11.716913046774314
Kab. Bandung,Bawang Merah,2023,65514.7,5507.0,11.896622480479389
Kab. Bandung,Bawang Merah,2024,87632.6,7011.0,12.499301098274142
Kab. Bandung Barat,Bawang Merah,2015,87.3,14.0,6.235714285714286
Kab. Bandung Barat,Bawang Merah,2016,105.4,11.0,9.581818181818182
Kab. Bandung Barat,Bawang Merah,2017,74.5,676.0,0.11020710059171597
Kab. Bandung Barat,Bawang Merah,2018,91.0,10.0,9.1
Kab. Bandung Barat,Bawang Merah,2019,80.0,13.0,6.153846153846154
Kab. Bandung Barat,Bawang Merah,2020,364.8,51.0,7.152941176470589
Kab. Bandung Barat,Bawang Merah,2021,486.1,76.0,6.396052631578947
Kab. Bandung Barat,Bawang Merah,2022,856.5,97.0,8.829896907216495
Kab. Bandung Barat,Bawang Merah,2023,763.8,89.0,8.582022471910111
Kab. Bandung Barat,Bawang Merah,2024,823.55,118.6,6.943929173693086
Kab. Bekasi,Bawang Merah,2015,12.0,4.0,3.0
Kab. Bekasi,Bawang Merah,2016,0.0,,
Kab. Bekasi,Bawang Merah,2017,5.0,22.0,0.22727272727272727
Kab. Bekasi,Bawang Merah,2018,0.0,,
Kab. Bekasi,Bawang Merah,2019,41.8,5.0,8.36
Kab. Bekasi,Bawang Merah,2020,23.3,1.6,14.5625
Kab. Bekasi,Bawang Merah,2021,54.75,6.1,8.975409836065575
Kab. Bekasi,Bawang Merah,2022,25.15,4.8,5.239583333333333
Kab. Bekasi,Bawang Merah,2023,54.0,9.15,5.9016393442622945
Kab. Bekasi,Bawang Merah,2024,216.45999999999998,34.55,6.265123010130246
Kab. Bogor,Bawang Merah,2015,0.0,,
Kab. Bogor,Bawang Merah,2016,0.0,,
Kab. Bogor,Bawang Merah,2017,45.0,485.0,0.09278350515463918
Kab. Bogor,Bawang Merah,2018,0.0,,
Kab. Bogor,Bawang Merah,2019,0.0,,
Kab. Bogor,Bawang Merah,2020,3.3,3.0,1.0999999999999999
Kab. Bogor,Bawang Merah,2021,1.8,0.3,6.0
Kab. Bogor,Bawang Merah,2022,5.3,1.85,2.8648648648648645
Kab. Bogor,Bawang Merah,2023,52.0,5.5,9.454545454545455
Kab. Bogor,Bawang Merah,2024,132.22,18.0,7.345555555555555
Kab. Ciamis,Bawang Merah,2015,0.0,,
Kab. Ciamis,Bawang Merah,2016,0.0,,
Kab. Ciamis,Bawang Merah,2017,0.0,429.0,0.0
Kab. Ciamis,Bawang Merah,2018,60.0,7.0,8.571428571428571
Kab. Ciamis,Bawang Merah,2019,87.7,14.0,6.264285714285714
Kab. Ciamis,Bawang Merah,2020,69.0,11.0,6.2727272727272725
Kab. Ciamis,Bawang Merah,2021,186.4,27.0,6.903703703703704
Kab. Ciamis,Bawang Merah,2022,336.5,48.0,7.010416666666667
Kab. Ciamis,Bawang Merah,2023,457.7,66.0,6.934848484848485
Kab. Ciamis,Bawang Merah,2024,174.5,23.0,7.586956521739131
Kab. Cianjur,Bawang Merah,2015,130.0,18.0,7.222222222222222
Kab. Cianjur,Bawang Merah,2016,40.0,4.0,10.0
Kab. Cianjur,Bawang Merah,2017,133.0,2938.0,0.04526889040163377
Kab. Cianjur,Bawang Merah,2018,299.8,32.0,9.36875
Kab. Cianjur,Bawang Merah,2019,243.5,28.0,8.696428571428571
Kab. Cianjur,Bawang Merah,2020,152.5,17.0,8.970588235294118
Kab. Cianjur,Bawang Merah,2021,1066.0,128.5,8.295719844357977
Kab. Cianjur,Bawang Merah,2022,596.0,67.0,8.895522388059701
Kab. Cianjur,Bawang Merah,2023,922.75,107.5,8.583720930232559
Kab. Cianjur,Bawang Merah,2024,631.8,70.2,8.999999999999998
Kab. Cirebon,Bawang Merah,2015,31781.8,3237.0,9.818288538770465
Kab. Cirebon,Bawang Merah,2016,40326.5,4017.0,10.038959422454568
Kab. Cirebon,Bawang Merah,2017,38374.0,638.0,60.14733542319749
Kab. Cirebon,Bawang Merah,2018,35307.2,3622.0,9.747984538928767
Kab. Cirebon,Bawang Merah,2019,33471.5,3295.0,10.158270106221547
Kab. Cirebon,Bawang Merah,2020,34636.0,3470.0,9.981556195965418
Kab. Cirebon,Bawang Merah,2021,33463.6,3384.0,9.888770685579196
Kab. Cirebon,Bawang Merah,2022,40024.4,3760.5,10.643371892035635
Kab. Cirebon,Bawang Merah,2023,34301.9,3120.5,10.99243710943759
Kab. Cirebon,Bawang Merah,2024,32094.4,3204.5,10.015415821501014
Kab. Garut,Bawang Merah,2015,22038.5,2252.0,9.786190053285969
Kab. Garut,Bawang Merah,2016,30146.1,3084.0,9.775
Kab. Garut,Bawang Merah,2017,35384.9,8155.0,4.3390435315757205
Kab. Garut,Bawang Merah,2018,28458.6,2935.0,9.696286201022145
Kab. Garut,Bawang Merah,2019,32104.7,3317.0,9.678836297859512
Kab. Garut,Bawang Merah,2020,27334.6,2857.0,9.56758837941897
Kab. Garut,Bawang Merah,2021,35793.3,3604.0,9.931548279689235
Kab. Garut,Bawang Merah,2022,35010.5,3517.0,9.954648848450384
Kab. Garut,Bawang Merah,2023,34136.7,3464.0,9.854705542725172
Kab. Garut,Bawang Merah,2024,37082.2,3756.0,9.872790202342918
Kab. Indramayu,Bawang Merah,2015,1606.5,268.0,5.994402985074627
Kab. Indramayu,Bawang Merah,2016,3537.5,530.0,6.6745283018867925
Kab. Indramayu,Bawang Merah,2017,2896.6,350.0,8.276
Kab. Indramayu,Bawang Merah,2018,2553.1,364.0,7.0140109890109885
Kab. Indramayu,Bawang Merah,2019,1464.6,267.0,5.485393258426966
Kab. Indramayu,Bawang Merah,2020,1494.73,320.5,4.663744149765991
Kab. Indramayu,Bawang Merah,2021,1115.1770000000001,183.3,6.083889798145117
Kab. Indramayu,Bawang Merah,2022,789.75,153.5,5.144951140065147
Kab. Indramayu,Bawang Merah,2023,2081.02,236.36,8.804450837705195
Kab. Indramayu,Bawang Merah,2024,2272.085,291.17,7.803293608544836
Kab. Karawang,Bawang Merah,2015,0.0,,
Kab. Karawang,Bawang Merah,2016,0.0,,
Kab. Karawang,Bawang Merah,2017,0.2,9.0,0.022222222222222223
Kab. Karawang,Bawang Merah,2018,33.0,4.0,8.25
Kab. Karawang,Bawang Merah,2019,48.5,7.0,6.928571428571429
Kab. Karawang,Bawang Merah,2020,33.0,5.0,6.6
Kab. Karawang,Bawang Merah,2021,0.0,,
Kab. Karawang,Bawang Merah,2022,2.0,0.5,4.0
Kab. Karawang,Bawang Merah,2023,0.0,,
Kab. Karawang,Bawang Merah,2024,0.0,,
Kab. Kuningan,Bawang Merah,2015,3235.3,333.0,9.715615615615617
Kab. Kuningan,Bawang Merah,2016,3109.0,318.0,9.776729559748428
Kab. Kuningan,Bawang Merah,2017,3582.8,172.0,20.830232558139535
Kab. Kuningan,Bawang Merah,2018,2717.0,275.0,9.88
Kab. Kuningan,Bawang Merah,2019,4444.2,426.0,10.432394366197183
Kab. Kuningan,Bawang Merah,2020,2713.0,266.0,10.199248120300751
Kab. Kuningan,Bawang Merah,2021,2671.8,270.0,9.895555555555557
Kab. Kuningan,Bawang Merah,2022,2911.1,304.0,9.575986842105262
Kab. Kuningan,Bawang Merah,2023,3207.9,300.0,10.693
Kab. Kuningan,Bawang Merah,2024,3956.3,365.0,10.839178082191781
Kab. Majalengka,Bawang Merah,2015,32408.2,2696.0,12.020845697329378
Kab. Majalengka,Bawang Merah,2016,32329.2,3344.0,9.667822966507178
Kab. Majalengka,Bawang Merah,2017,37705.3,959.0,39.31730969760167
Kab. Majalengka,Bawang Merah,2018,31980.6,2676.0,11.950896860986546
Kab. Majalengka,Bawang Merah,2019,37973.1,2943.0,12.902854230377166
Kab. Majalengka,Bawang Merah,2020,35166.8,2742.0,12.825237053245807
Kab. Majalengka,Bawang Merah,2021,34068.3,2873.0,11.858092586146887
Kab. Majalengka,Bawang Merah,2022,33319.2,2573.0,12.94955305091333
Kab. Majalengka,Bawang Merah,2023,35811.176,2882.5,12.423651691240243
Kab. Majalengka,Bawang Merah,2024,31978.25,2671.0,11.972388618494946
Kab. Pangandaran,Bawang Merah,2015,0.0,,
Kab. Pangandaran,Bawang Merah,2016,0.0,,
Kab. Pangandaran,Bawang Merah,2017,8.0,19.0,0.42105263157894735
Kab. Pangandaran,Bawang Merah,2018,1.0,2.0,0.5
Kab. Pangandaran,Bawang Merah,2019,11.5,2.0,5.75
Kab. Pangandaran,Bawang Merah,2020,78.3,12.0,6.5249999999999995
Kab. Pangandaran,Bawang Merah,2021,14.5,5.0,2.9
Kab. Pangandaran,Bawang Merah,2022,20.1,4.0,5.025
Kab. Pangandaran,Bawang Merah,2023,49.4,7.0,7.057142857142857
Kab. Pangandaran,Bawang Merah,2024,94.7,23.0,4.1173913043478265
Kab. Purwakarta,Bawang Merah,2015,0.0,,
Kab. Purwakarta,Bawang Merah,2016,0.0,,
Kab. Purwakarta,Bawang Merah,2017,0.0,238.0,0.0
Kab. Purwakarta,Bawang Merah,2018,0.0,,
Kab. Purwakarta,Bawang Merah,2019,0.0,,
Kab. Purwakarta,Bawang Merah,2020,0.0,,
Kab. Purwakarta,Bawang Merah,2021,130.9,40.0,3.2725
Kab. Purwakarta,Bawang Merah,2022,136.4,24.0,5.683333333333334
Kab. Purwakarta,Bawang Merah,2023,62.9,14.5,4.337931034482758
Kab. Purwakarta,Bawang Merah,2024,7.5,2.0,3.75
Kab. Subang,Bawang Merah,2015,0.0,,
Kab. Subang,Bawang Merah,2016,116.0,8.0,14.5
Kab. Subang,Bawang Merah,2017,257.5,369.0,0.6978319783197832
Kab. Subang,Bawang Merah,2018,285.0,21.0,13.571428571428571
Kab. Subang,Bawang Merah,2019,375.8,34.0,11.052941176470588
Kab. Subang,Bawang Merah,2020,256.8,34.0,7.552941176470589
Kab. Subang,Bawang Merah,2021,854.4,68.0,12.564705882352941
Kab. Subang,Bawang Merah,2022,675.8,74.2,9.107816711590296
Kab. Subang,Bawang Merah,2023,495.0,43.0,11.511627906976743
Kab. Subang,Bawang Merah,2024,423.56000000000006,35.0,12.101714285714287
Kab. Sukabumi,Bawang Merah,2015,395.8,37.0,10.697297297297297
Kab. Sukabumi,Bawang Merah,2016,907.8,74.0,12.267567567567568
Kab. Sukabumi,Bawang Merah,2017,1169.0,1245.0,0.9389558232931727
Kab. Sukabumi,Bawang Merah,2018,928.0,91.0,10.197802197802197
Kab. Sukabumi,Bawang Merah,2019,355.0,62.0,5.725806451612903
Kab. Sukabumi,Bawang Merah,2020,607.8,68.0,8.938235294117646
Kab. Sukabumi,Bawang Merah,2021,1086.0,114.0,9.526315789473685
Kab. Sukabumi,Bawang Merah,2022,332.9,46.5,7.159139784946236
Kab. Sukabumi,Bawang Merah,2023,523.1,55.27,9.464447258910802
Kab. Sukabumi,Bawang Merah,2024,399.2,119.1,3.351805205709488
Kab. Sumedang,Bawang Merah,2015,178.3,26.0,6.857692307692308
Kab. Sumedang,Bawang Merah,2016,174.2,32.0,5.44375
Kab. Sumedang,Bawang Merah,2017,328.0,515.0,0.6368932038834951
Kab. Sumedang,Bawang Merah,2018,229.5,41.0,5.597560975609756
Kab. Sumedang,Bawang Merah,2019,327.7,48.0,6.827083333333333
Kab. Sumedang,Bawang Merah,2020,681.9,92.0,7.41195652173913
Kab. Sumedang,Bawang Merah,2021,521.3,59.0,8.835593220338982
Kab. Sumedang,Bawang Merah,2022,752.27,83.0,9.063493975903615
Kab. Sumedang,Bawang Merah,2023,702.0,79.0,8.886075949367088
Kab. Sumedang,Bawang Merah,2024,1635.775,136.0,12.027757352941178
Kab. Tasikmalaya,Bawang Merah,2015,15.0,1.0,15.0
Kab. Tasikmalaya,Bawang Merah,2016,65.5,5.0,13.1
Kab. Tasikmalaya,Bawang Merah,2017,26.4,2003.0,0.013180229655516724
Kab. Tasikmalaya,Bawang Merah,2018,89.6,23.0,3.895652173913043
Kab. Tasikmalaya,Bawang Merah,2019,100.5,21.0,4.785714285714286
Kab. Tasikmalaya,Bawang Merah,2020,140.1,28.0,5.003571428571428
Kab. Tasikmalaya,Bawang Merah,2021,132.1,23.0,5.743478260869565
Kab. Tasikmalaya,Bawang Merah,2022,122.30499999999999,21.6,5.662268518518518
Kab. Tasikmalaya,Bawang Merah,2023,47.2,8.5,5.552941176470589
Kab. Tasikmalaya,Bawang Merah,2024,29.855,6.3,4.738888888888889
Kota Bandung,Bawang Merah,2015,0.0,,
Kota Bandung,Bawang Merah,2016,0.0,,
Kota Bandung,Bawang Merah,2017,0.0,6.0,0.0
Kota Bandung,Bawang Merah,2018,0.0,,
Kota Bandung,Bawang Merah,2019,0.0,,
Kota Bandung,Bawang Merah,2020,0.0,,
Kota Bandung,Bawang Merah,2021,0.0,,
Kota Bandung,Bawang Merah,2022,0.4,2.0,0.2
Kota Bandung,Bawang Merah,2023,49.704,4.17,11.919424460431655
Kota Bandung,Bawang Merah,2024,127.923,12.68,10.088564668769717
Kota Banjar,Bawang Merah,2015,0.0,,
Kota Banjar,Bawang Merah,2016,0.0,,
Kota Banjar,Bawang Merah,2017,0.0,10.0,0.0
Kota Banjar,Bawang Merah,2018,0.0,,
Kota Banjar,Bawang Merah,2019,22.7,3.0,7.566666666666666
Kota Banjar,Bawang Merah,2020,42.0,4.0,10.5
Kota Banjar,Bawang Merah,2021,41.0,4.0,10.25
Kota Banjar,Bawang Merah,2022,38.0,4.0,9.5
Kota Banjar,Bawang Merah,2023,19.0,2.0,9.5
Kota Banjar,Bawang Merah,2024,32.0,4.0,8.0
Kota Bekasi,Bawang Merah,2015,0.0,,
Kota Bekasi,Bawang Merah,2016,0.0,,
Kota Bekasi,Bawang Merah,2017,0.0,6.0,0.0
Kota Bekasi,Bawang Merah,2018,0.0,,
Kota Bekasi,Bawang Merah,2019,0.0,,
Kota Bekasi,Bawang Merah,2020,0.0,,
Kota Bekasi,Bawang Merah,2021,0.0,,
Kota Bekasi,Bawang Merah,2022,0.0,,
Kota Bekasi,Bawang Merah,2023,0.0,,
Kota Bekasi,Bawang Merah,2024,0.0,,
Kota Bogor,Bawang Merah,2015,0.0,,
Kota Bogor,Bawang Merah,2016,0.0,,
Kota Bogor,Bawang Merah,2017,0.0,20.0,0.0
Kota Bogor,Bawang Merah,2018,0.0,,
Kota Bogor,Bawang Merah,2019,0.0,,
Kota Bogor,Bawang Merah,2020,0.0,,
Kota Bogor,Bawang Merah,2021,0.0,,
Kota Bogor,Bawang Merah,2022,0.0,,
Kota Bogor,Bawang Merah,2023,19.0,2.0,9.5
Kota Bogor,Bawang Merah,2024,0.0,,
Kota Cimahi,Bawang Merah,2015,0.0,,
Kota Cimahi,Bawang Merah,2016,0.0,,
Kota Cimahi,Bawang Merah,2017,0.0,1.0,0.0
Kota Cimahi,Bawang Merah,2018,0.0,,
Kota Cimahi,Bawang Merah,2019,0.0,,
Kota Cimahi,Bawang Merah,2020,0.0,,
Kota Cimahi,Bawang Merah,2021,0.0,,
Kota Cimahi,Bawang Merah,2022,0.0,,
Kota Cimahi,Bawang Merah,2023,0.0,,
Kota Cimahi,Bawang Merah,2024,3.16,1.08,2.925925925925926
Kota Cirebon,Bawang Merah,2015,0.0,,
Kota Cirebon,Bawang Merah,2016,0.0,,
Kota Cirebon,Bawang Merah,2017,45.0,,
Kota Cirebon,Bawang Merah,2018,100.8,8.0,12.6
Kota Cirebon,Bawang Merah,2019,205.3,25.0,8.212
Kota Cirebon,Bawang Merah,2020,82.0,9.0,9.11111111111111
Kota Cirebon,Bawang Merah,2021,23.0,6.0,3.8333333333333335
Kota Cirebon,Bawang Merah,2022,83.0,7.0,11.857142857142858
Kota Cirebon,Bawang Merah,2023,70.0,5.0,14.0
Kota Cirebon,Bawang Merah,2024,126.0,10.0,12.6
Kota Depok,Bawang Merah,2015,0.0,,
Kota Depok,Bawang Merah,2016,0.0,,
Kota Depok,Bawang Merah,2017,0.0,,
Kota Depok,Bawang Merah,2018,0.0,,
Kota Depok,Bawang Merah,2019,0.0,,
Kota Depok,Bawang Merah,2020,0.0,,
Kota Depok,Bawang Merah,2021,0.0,,
Kota Depok,Bawang Merah,2022,0.0,,
Kota Depok,Bawang Merah,2023,0.0,,
Kota Depok,Bawang Merah,2024,0.16,0.01,16.0
Kota Sukabumi,Bawang Merah,2015,0.0,,
Kota Sukabumi,Bawang Merah,2016,0.0,,
Kota Sukabumi,Bawang Merah,2017,0.0,12.0,0.0
Kota Sukabumi,Bawang Merah,2018,50.0,5.0,10.0
Kota Sukabumi,Bawang Merah,2019,5.0,1.0,5.0
Kota Sukabumi,Bawang Merah,2020,10.0,1.0,10.0
Kota Sukabumi,Bawang Merah,2021,0.0,,
Kota Sukabumi,Bawang Merah,2022,0.0,,
Kota Sukabumi,Bawang Merah,2023,4.0600000000000005,0.7,5.800000000000001
Kota Sukabumi,Bawang Merah,2024,0.9099999999999999,4.35,0.20919540229885059
Kota Tasikmalaya,Bawang Merah,2015,0.0,,
Kota Tasikmalaya,Bawang Merah,2016,0.0,,
Kota Tasikmalaya,Bawang Merah,2017,0.0,63.0,0.0
Kota Tasikmalaya,Bawang Merah,2018,0.0,,
Kota Tasikmalaya,Bawang Merah,2019,0.0,,
Kota Tasikmalaya,Bawang Merah,2020,0.5,1.0,0.5
Kota Tasikmalaya,Bawang Merah,2021,39.6,3.5,11.314285714285715
Kota Tasikmalaya,Bawang Merah,2022,1.8510000000000002,0.79,2.3430379746835444
Kota Tasikmalaya,Bawang Merah,2023,10.372,1.63,6.36319018404908
Kota Tasikmalaya,Bawang Merah,2024,16.578,1.34,12.371641791044775
Provinsi Jawa Barat,Bawang Merah,2015,129147.7,12333.0,10.471718154544718
Provinsi Jawa Barat,Bawang Merah,2016,141504.3,14060.0,10.06431721194879
Provinsi Jawa Barat,Bawang Merah,2017,166865.2,21598.0,7.725956107046949
Provinsi Jawa Barat,Bawang Merah,2018,167770.0,15404.0,10.891326928070631
Provinsi Jawa Barat,Bawang Merah,2019,173463.2,15708.0,11.042984466513879
Provinsi Jawa Barat,Bawang Merah,2020,164826.53,15042.1,10.957680775955485
Provinsi Jawa Barat,Bawang Merah,2021,170650.327,15876.7,10.748475879748309
Provinsi Jawa Barat,Bawang Merah,2022,193318.326,17389.74,11.116803701492948
Provinsi Jawa Barat,Bawang Merah,2023,179355.382,16010.28,11.202513759909259
Provinsi Jawa Barat,Bawang Merah,2024,199891.68600000002,17917.88,11.155989771111315
Kab. Bandung,Cabai (Gabungan Rawit+Besar),2015,,849.0,
Kab. Bandung,Cabai (Gabungan Rawit+Besar),2016,,822.0,
Kab. Bandung,Cabai (Gabungan Rawit+Besar),2017,,,
Kab. Bandung,Cabai (Gabungan Rawit+Besar),2018,,2157.0,
Kab. Bandung,Cabai (Gabungan Rawit+Besar),2019,,2168.0,
Kab. Bandung,Cabai (Gabungan Rawit+Besar),2020,,2566.0,
Kab. Bandung,Cabai (Gabungan Rawit+Besar),2021,,5759.0,
Kab. Bandung,Cabai (Gabungan Rawit+Besar),2022,,5041.0,
Kab. Bandung,Cabai (Gabungan Rawit+Besar),2023,,4546.0,
Kab. Bandung,Cabai (Gabungan Rawit+Besar),2024,,4884.0,
Kab. Bandung Barat,Cabai (Gabungan Rawit+Besar),2015,,272.0,
Kab. Bandung Barat,Cabai (Gabungan Rawit+Besar),2016,,336.0,
Kab. Bandung Barat,Cabai (Gabungan Rawit+Besar),2017,,,
Kab. Bandung Barat,Cabai (Gabungan Rawit+Besar),2018,,836.0,
Kab. Bandung Barat,Cabai (Gabungan Rawit+Besar),2019,,797.0,
Kab. Bandung Barat,Cabai (Gabungan Rawit+Besar),2020,,724.0,
Kab. Bandung Barat,Cabai (Gabungan Rawit+Besar),2021,,626.0,
Kab. Bandung Barat,Cabai (Gabungan Rawit+Besar),2022,,1367.0,
Kab. Bandung Barat,Cabai (Gabungan Rawit+Besar),2023,,1149.0,
Kab. Bandung Barat,Cabai (Gabungan Rawit+Besar),2024,,844.0,
Kab. Bekasi,Cabai (Gabungan Rawit+Besar),2015,,54.0,
Kab. Bekasi,Cabai (Gabungan Rawit+Besar),2016,,33.0,
Kab. Bekasi,Cabai (Gabungan Rawit+Besar),2017,,,
Kab. Bekasi,Cabai (Gabungan Rawit+Besar),2018,,25.0,
Kab. Bekasi,Cabai (Gabungan Rawit+Besar),2019,,18.5,
Kab. Bekasi,Cabai (Gabungan Rawit+Besar),2020,,7.6,
Kab. Bekasi,Cabai (Gabungan Rawit+Besar),2021,,95.25,
Kab. Bekasi,Cabai (Gabungan Rawit+Besar),2022,,91.93,
Kab. Bekasi,Cabai (Gabungan Rawit+Besar),2023,,96.83,
Kab. Bekasi,Cabai (Gabungan Rawit+Besar),2024,,62.74,
Kab. Bogor,Cabai (Gabungan Rawit+Besar),2015,,351.0,
Kab. Bogor,Cabai (Gabungan Rawit+Besar),2016,,437.0,
Kab. Bogor,Cabai (Gabungan Rawit+Besar),2017,,,
Kab. Bogor,Cabai (Gabungan Rawit+Besar),2018,,543.0,
Kab. Bogor,Cabai (Gabungan Rawit+Besar),2019,,512.0,
Kab. Bogor,Cabai (Gabungan Rawit+Besar),2020,,516.18,
Kab. Bogor,Cabai (Gabungan Rawit+Besar),2021,,577.9,
Kab. Bogor,Cabai (Gabungan Rawit+Besar),2022,,733.49,
Kab. Bogor,Cabai (Gabungan Rawit+Besar),2023,,1001.53,
Kab. Bogor,Cabai (Gabungan Rawit+Besar),2024,,1061.11,
Kab. Ciamis,Cabai (Gabungan Rawit+Besar),2015,,546.0,
Kab. Ciamis,Cabai (Gabungan Rawit+Besar),2016,,437.0,
Kab. Ciamis,Cabai (Gabungan Rawit+Besar),2017,,,
Kab. Ciamis,Cabai (Gabungan Rawit+Besar),2018,,517.0,
Kab. Ciamis,Cabai (Gabungan Rawit+Besar),2019,,551.0,
Kab. Ciamis,Cabai (Gabungan Rawit+Besar),2020,,298.0,
Kab. Ciamis,Cabai (Gabungan Rawit+Besar),2021,,412.0,
Kab. Ciamis,Cabai (Gabungan Rawit+Besar),2022,,349.0,
Kab. Ciamis,Cabai (Gabungan Rawit+Besar),2023,,303.0,
Kab. Ciamis,Cabai (Gabungan Rawit+Besar),2024,,284.0,
Kab. Cianjur,Cabai (Gabungan Rawit+Besar),2015,,1257.0,
Kab. Cianjur,Cabai (Gabungan Rawit+Besar),2016,,1976.0,
Kab. Cianjur,Cabai (Gabungan Rawit+Besar),2017,,,
Kab. Cianjur,Cabai (Gabungan Rawit+Besar),2018,,3005.0,
Kab. Cianjur,Cabai (Gabungan Rawit+Besar),2019,,2487.0,
Kab. Cianjur,Cabai (Gabungan Rawit+Besar),2020,,1758.0,
Kab. Cianjur,Cabai (Gabungan Rawit+Besar),2021,,2387.0,
Kab. Cianjur,Cabai (Gabungan Rawit+Besar),2022,,2994.0,
Kab. Cianjur,Cabai (Gabungan Rawit+Besar),2023,,2706.5,
Kab. Cianjur,Cabai (Gabungan Rawit+Besar),2024,,2919.8,
Kab. Cirebon,Cabai (Gabungan Rawit+Besar),2015,,398.0,
Kab. Cirebon,Cabai (Gabungan Rawit+Besar),2016,,694.0,
Kab. Cirebon,Cabai (Gabungan Rawit+Besar),2017,,,
Kab. Cirebon,Cabai (Gabungan Rawit+Besar),2018,,671.0,
Kab. Cirebon,Cabai (Gabungan Rawit+Besar),2019,,655.0,
Kab. Cirebon,Cabai (Gabungan Rawit+Besar),2020,,713.0,
Kab. Cirebon,Cabai (Gabungan Rawit+Besar),2021,,631.0,
Kab. Cirebon,Cabai (Gabungan Rawit+Besar),2022,,680.0,
Kab. Cirebon,Cabai (Gabungan Rawit+Besar),2023,,374.25,
Kab. Cirebon,Cabai (Gabungan Rawit+Besar),2024,,373.5,
Kab. Garut,Cabai (Gabungan Rawit+Besar),2015,,5625.0,
Kab. Garut,Cabai (Gabungan Rawit+Besar),2016,,6001.0,
Kab. Garut,Cabai (Gabungan Rawit+Besar),2017,,,
Kab. Garut,Cabai (Gabungan Rawit+Besar),2018,,7206.0,
Kab. Garut,Cabai (Gabungan Rawit+Besar),2019,,6680.0,
Kab. Garut,Cabai (Gabungan Rawit+Besar),2020,,6646.0,
Kab. Garut,Cabai (Gabungan Rawit+Besar),2021,,7018.0,
Kab. Garut,Cabai (Gabungan Rawit+Besar),2022,,7672.0,
Kab. Garut,Cabai (Gabungan Rawit+Besar),2023,,6902.0,
Kab. Garut,Cabai (Gabungan Rawit+Besar),2024,,8009.0,
Kab. Indramayu,Cabai (Gabungan Rawit+Besar),2015,,692.0,
Kab. Indramayu,Cabai (Gabungan Rawit+Besar),2016,,418.0,
Kab. Indramayu,Cabai (Gabungan Rawit+Besar),2017,,,
Kab. Indramayu,Cabai (Gabungan Rawit+Besar),2018,,394.0,
Kab. Indramayu,Cabai (Gabungan Rawit+Besar),2019,,341.0,
Kab. Indramayu,Cabai (Gabungan Rawit+Besar),2020,,550.0,
Kab. Indramayu,Cabai (Gabungan Rawit+Besar),2021,,859.36,
Kab. Indramayu,Cabai (Gabungan Rawit+Besar),2022,,1078.0,
Kab. Indramayu,Cabai (Gabungan Rawit+Besar),2023,,867.18,
Kab. Indramayu,Cabai (Gabungan Rawit+Besar),2024,,468.29,
Kab. Karawang,Cabai (Gabungan Rawit+Besar),2015,,34.0,
Kab. Karawang,Cabai (Gabungan Rawit+Besar),2016,,30.0,
Kab. Karawang,Cabai (Gabungan Rawit+Besar),2017,,,
Kab. Karawang,Cabai (Gabungan Rawit+Besar),2018,,8.0,
Kab. Karawang,Cabai (Gabungan Rawit+Besar),2019,,14.0,
Kab. Karawang,Cabai (Gabungan Rawit+Besar),2020,,28.0,
Kab. Karawang,Cabai (Gabungan Rawit+Besar),2021,,2.0,
Kab. Karawang,Cabai (Gabungan Rawit+Besar),2022,,9.0,
Kab. Karawang,Cabai (Gabungan Rawit+Besar),2023,,21.0,
Kab. Karawang,Cabai (Gabungan Rawit+Besar),2024,,2.75,
Kab. Kuningan,Cabai (Gabungan Rawit+Besar),2015,,71.0,
Kab. Kuningan,Cabai (Gabungan Rawit+Besar),2016,,142.0,
Kab. Kuningan,Cabai (Gabungan Rawit+Besar),2017,,,
Kab. Kuningan,Cabai (Gabungan Rawit+Besar),2018,,126.0,
Kab. Kuningan,Cabai (Gabungan Rawit+Besar),2019,,104.0,
Kab. Kuningan,Cabai (Gabungan Rawit+Besar),2020,,70.0,
Kab. Kuningan,Cabai (Gabungan Rawit+Besar),2021,,95.0,
Kab. Kuningan,Cabai (Gabungan Rawit+Besar),2022,,124.0,
Kab. Kuningan,Cabai (Gabungan Rawit+Besar),2023,,103.0,
Kab. Kuningan,Cabai (Gabungan Rawit+Besar),2024,,102.0,
Kab. Majalengka,Cabai (Gabungan Rawit+Besar),2015,,1233.0,
Kab. Majalengka,Cabai (Gabungan Rawit+Besar),2016,,1251.0,
Kab. Majalengka,Cabai (Gabungan Rawit+Besar),2017,,,
Kab. Majalengka,Cabai (Gabungan Rawit+Besar),2018,,918.0,
Kab. Majalengka,Cabai (Gabungan Rawit+Besar),2019,,852.0,
Kab. Majalengka,Cabai (Gabungan Rawit+Besar),2020,,669.0,
Kab. Majalengka,Cabai (Gabungan Rawit+Besar),2021,,571.0,
Kab. Majalengka,Cabai (Gabungan Rawit+Besar),2022,,503.0,
Kab. Majalengka,Cabai (Gabungan Rawit+Besar),2023,,620.5,
Kab. Majalengka,Cabai (Gabungan Rawit+Besar),2024,,1167.0,
Kab. Pangandaran,Cabai (Gabungan Rawit+Besar),2015,,13.0,
Kab. Pangandaran,Cabai (Gabungan Rawit+Besar),2016,,9.0,
Kab. Pangandaran,Cabai (Gabungan Rawit+Besar),2017,,,
Kab. Pangandaran,Cabai (Gabungan Rawit+Besar),2018,,39.0,
Kab. Pangandaran,Cabai (Gabungan Rawit+Besar),2019,,53.0,
Kab. Pangandaran,Cabai (Gabungan Rawit+Besar),2020,,40.0,
Kab. Pangandaran,Cabai (Gabungan Rawit+Besar),2021,,54.0,
Kab. Pangandaran,Cabai (Gabungan Rawit+Besar),2022,,41.0,
Kab. Pangandaran,Cabai (Gabungan Rawit+Besar),2023,,60.0,
Kab. Pangandaran,Cabai (Gabungan Rawit+Besar),2024,,65.0,
Kab. Purwakarta,Cabai (Gabungan Rawit+Besar),2015,,350.0,
Kab. Purwakarta,Cabai (Gabungan Rawit+Besar),2016,,312.0,
Kab. Purwakarta,Cabai (Gabungan Rawit+Besar),2017,,,
Kab. Purwakarta,Cabai (Gabungan Rawit+Besar),2018,,239.0,
Kab. Purwakarta,Cabai (Gabungan Rawit+Besar),2019,,244.0,
Kab. Purwakarta,Cabai (Gabungan Rawit+Besar),2020,,215.0,
Kab. Purwakarta,Cabai (Gabungan Rawit+Besar),2021,,278.0,
Kab. Purwakarta,Cabai (Gabungan Rawit+Besar),2022,,316.5,
Kab. Purwakarta,Cabai (Gabungan Rawit+Besar),2023,,271.7,
Kab. Purwakarta,Cabai (Gabungan Rawit+Besar),2024,,273.3,
Kab. Subang,Cabai (Gabungan Rawit+Besar),2015,,318.0,
Kab. Subang,Cabai (Gabungan Rawit+Besar),2016,,338.0,
Kab. Subang,Cabai (Gabungan Rawit+Besar),2017,,,
Kab. Subang,Cabai (Gabungan Rawit+Besar),2018,,311.0,
Kab. Subang,Cabai (Gabungan Rawit+Besar),2019,,305.0,
Kab. Subang,Cabai (Gabungan Rawit+Besar),2020,,304.0,
Kab. Subang,Cabai (Gabungan Rawit+Besar),2021,,341.0,
Kab. Subang,Cabai (Gabungan Rawit+Besar),2022,,377.0,
Kab. Subang,Cabai (Gabungan Rawit+Besar),2023,,378.0,
Kab. Subang,Cabai (Gabungan Rawit+Besar),2024,,347.0,
Kab. Sukabumi,Cabai (Gabungan Rawit+Besar),2015,,2417.0,
Kab. Sukabumi,Cabai (Gabungan Rawit+Besar),2016,,1178.0,
Kab. Sukabumi,Cabai (Gabungan Rawit+Besar),2017,,,
Kab. Sukabumi,Cabai (Gabungan Rawit+Besar),2018,,1627.0,
Kab. Sukabumi,Cabai (Gabungan Rawit+Besar),2019,,1723.0,
Kab. Sukabumi,Cabai (Gabungan Rawit+Besar),2020,,1359.0,
Kab. Sukabumi,Cabai (Gabungan Rawit+Besar),2021,,1816.5,
Kab. Sukabumi,Cabai (Gabungan Rawit+Besar),2022,,2558.4,
Kab. Sukabumi,Cabai (Gabungan Rawit+Besar),2023,,2052.2,
Kab. Sukabumi,Cabai (Gabungan Rawit+Besar),2024,,2083.4,
Kab. Sumedang,Cabai (Gabungan Rawit+Besar),2015,,449.0,
Kab. Sumedang,Cabai (Gabungan Rawit+Besar),2016,,462.0,
Kab. Sumedang,Cabai (Gabungan Rawit+Besar),2017,,,
Kab. Sumedang,Cabai (Gabungan Rawit+Besar),2018,,471.0,
Kab. Sumedang,Cabai (Gabungan Rawit+Besar),2019,,581.0,
Kab. Sumedang,Cabai (Gabungan Rawit+Besar),2020,,606.0,
Kab. Sumedang,Cabai (Gabungan Rawit+Besar),2021,,464.0,
Kab. Sumedang,Cabai (Gabungan Rawit+Besar),2022,,515.0,
Kab. Sumedang,Cabai (Gabungan Rawit+Besar),2023,,676.0,
Kab. Sumedang,Cabai (Gabungan Rawit+Besar),2024,,701.0,
Kab. Tasikmalaya,Cabai (Gabungan Rawit+Besar),2015,,1434.0,
Kab. Tasikmalaya,Cabai (Gabungan Rawit+Besar),2016,,1344.0,
Kab. Tasikmalaya,Cabai (Gabungan Rawit+Besar),2017,,,
Kab. Tasikmalaya,Cabai (Gabungan Rawit+Besar),2018,,1428.0,
Kab. Tasikmalaya,Cabai (Gabungan Rawit+Besar),2019,,1118.0,
Kab. Tasikmalaya,Cabai (Gabungan Rawit+Besar),2020,,1071.0,
Kab. Tasikmalaya,Cabai (Gabungan Rawit+Besar),2021,,1055.74,
Kab. Tasikmalaya,Cabai (Gabungan Rawit+Besar),2022,,876.8,
Kab. Tasikmalaya,Cabai (Gabungan Rawit+Besar),2023,,887.61,
Kab. Tasikmalaya,Cabai (Gabungan Rawit+Besar),2024,,878.3,
Kota Bandung,Cabai (Gabungan Rawit+Besar),2015,,4.0,
Kota Bandung,Cabai (Gabungan Rawit+Besar),2016,,4.0,
Kota Bandung,Cabai (Gabungan Rawit+Besar),2017,,,
Kota Bandung,Cabai (Gabungan Rawit+Besar),2018,,,
Kota Bandung,Cabai (Gabungan Rawit+Besar),2019,,,
Kota Bandung,Cabai (Gabungan Rawit+Besar),2020,,,
Kota Bandung,Cabai (Gabungan Rawit+Besar),2021,,1.0,
Kota Bandung,Cabai (Gabungan Rawit+Besar),2022,,2.0,
Kota Bandung,Cabai (Gabungan Rawit+Besar),2023,,4.05,
Kota Bandung,Cabai (Gabungan Rawit+Besar),2024,,2.58,
Kota Banjar,Cabai (Gabungan Rawit+Besar),2015,,6.0,
Kota Banjar,Cabai (Gabungan Rawit+Besar),2016,,3.0,
Kota Banjar,Cabai (Gabungan Rawit+Besar),2017,,,
Kota Banjar,Cabai (Gabungan Rawit+Besar),2018,,31.0,
Kota Banjar,Cabai (Gabungan Rawit+Besar),2019,,21.0,
Kota Banjar,Cabai (Gabungan Rawit+Besar),2020,,31.0,
Kota Banjar,Cabai (Gabungan Rawit+Besar),2021,,26.0,
Kota Banjar,Cabai (Gabungan Rawit+Besar),2022,,28.0,
Kota Banjar,Cabai (Gabungan Rawit+Besar),2023,,43.0,
Kota Banjar,Cabai (Gabungan Rawit+Besar),2024,,43.0,
Kota Bekasi,Cabai (Gabungan Rawit+Besar),2015,,9.0,
Kota Bekasi,Cabai (Gabungan Rawit+Besar),2016,,4.0,
Kota Bekasi,Cabai (Gabungan Rawit+Besar),2017,,,
Kota Bekasi,Cabai (Gabungan Rawit+Besar),2018,,3.0,
Kota Bekasi,Cabai (Gabungan Rawit+Besar),2019,,,
Kota Bekasi,Cabai (Gabungan Rawit+Besar),2020,,,
Kota Bekasi,Cabai (Gabungan Rawit+Besar),2021,,,
Kota Bekasi,Cabai (Gabungan Rawit+Besar),2022,,1.0,
Kota Bekasi,Cabai (Gabungan Rawit+Besar),2023,,,
Kota Bekasi,Cabai (Gabungan Rawit+Besar),2024,,,
Kota Bogor,Cabai (Gabungan Rawit+Besar),2015,,25.0,
Kota Bogor,Cabai (Gabungan Rawit+Besar),2016,,21.0,
Kota Bogor,Cabai (Gabungan Rawit+Besar),2017,,,
Kota Bogor,Cabai (Gabungan Rawit+Besar),2018,,17.0,
Kota Bogor,Cabai (Gabungan Rawit+Besar),2019,,10.0,
Kota Bogor,Cabai (Gabungan Rawit+Besar),2020,,7.0,
Kota Bogor,Cabai (Gabungan Rawit+Besar),2021,,9.0,
Kota Bogor,Cabai (Gabungan Rawit+Besar),2022,,9.0,
Kota Bogor,Cabai (Gabungan Rawit+Besar),2023,,9.0,
Kota Bogor,Cabai (Gabungan Rawit+Besar),2024,,2.0,
Kota Cimahi,Cabai (Gabungan Rawit+Besar),2015,,7.0,
Kota Cimahi,Cabai (Gabungan Rawit+Besar),2016,,5.0,
Kota Cimahi,Cabai (Gabungan Rawit+Besar),2017,,,
Kota Cimahi,Cabai (Gabungan Rawit+Besar),2018,,1.0,
Kota Cimahi,Cabai (Gabungan Rawit+Besar),2019,,2.0,
Kota Cimahi,Cabai (Gabungan Rawit+Besar),2020,,1.0,
Kota Cimahi,Cabai (Gabungan Rawit+Besar),2021,,1.0,
Kota Cimahi,Cabai (Gabungan Rawit+Besar),2022,,,
Kota Cimahi,Cabai (Gabungan Rawit+Besar),2023,,0.54,
Kota Cimahi,Cabai (Gabungan Rawit+Besar),2024,,2.15,
Kota Cirebon,Cabai (Gabungan Rawit+Besar),2015,,,
Kota Cirebon,Cabai (Gabungan Rawit+Besar),2016,,1.0,
Kota Cirebon,Cabai (Gabungan Rawit+Besar),2017,,,
Kota Cirebon,Cabai (Gabungan Rawit+Besar),2018,,14.0,
Kota Cirebon,Cabai (Gabungan Rawit+Besar),2019,,4.0,
Kota Cirebon,Cabai (Gabungan Rawit+Besar),2020,,4.0,
Kota Cirebon,Cabai (Gabungan Rawit+Besar),2021,,2.0,
Kota Cirebon,Cabai (Gabungan Rawit+Besar),2022,,,
Kota Cirebon,Cabai (Gabungan Rawit+Besar),2023,,1.0,
Kota Cirebon,Cabai (Gabungan Rawit+Besar),2024,,1.0,
Kota Depok,Cabai (Gabungan Rawit+Besar),2015,,,
Kota Depok,Cabai (Gabungan Rawit+Besar),2016,,,
Kota Depok,Cabai (Gabungan Rawit+Besar),2017,,,
Kota Depok,Cabai (Gabungan Rawit+Besar),2018,,,
Kota Depok,Cabai (Gabungan Rawit+Besar),2019,,,
Kota Depok,Cabai (Gabungan Rawit+Besar),2020,,,
Kota Depok,Cabai (Gabungan Rawit+Besar),2021,,,
Kota Depok,Cabai (Gabungan Rawit+Besar),2022,,,
Kota Depok,Cabai (Gabungan Rawit+Besar),2023,,,
Kota Depok,Cabai (Gabungan Rawit+Besar),2024,,2.2,
Kota Sukabumi,Cabai (Gabungan Rawit+Besar),2015,,12.0,
Kota Sukabumi,Cabai (Gabungan Rawit+Besar),2016,,7.0,
Kota Sukabumi,Cabai (Gabungan Rawit+Besar),2017,,,
Kota Sukabumi,Cabai (Gabungan Rawit+Besar),2018,,8.0,
Kota Sukabumi,Cabai (Gabungan Rawit+Besar),2019,,4.0,
Kota Sukabumi,Cabai (Gabungan Rawit+Besar),2020,,7.0,
Kota Sukabumi,Cabai (Gabungan Rawit+Besar),2021,,3.0,
Kota Sukabumi,Cabai (Gabungan Rawit+Besar),2022,,,
Kota Sukabumi,Cabai (Gabungan Rawit+Besar),2023,,8.39,
Kota Sukabumi,Cabai (Gabungan Rawit+Besar),2024,,7.28,
Kota Tasikmalaya,Cabai (Gabungan Rawit+Besar),2015,,43.0,
Kota Tasikmalaya,Cabai (Gabungan Rawit+Besar),2016,,50.0,
Kota Tasikmalaya,Cabai (Gabungan Rawit+Besar),2017,,,
Kota Tasikmalaya,Cabai (Gabungan Rawit+Besar),2018,,83.0,
Kota Tasikmalaya,Cabai (Gabungan Rawit+Besar),2019,,71.0,
Kota Tasikmalaya,Cabai (Gabungan Rawit+Besar),2020,,76.0,
Kota Tasikmalaya,Cabai (Gabungan Rawit+Besar),2021,,35.5,
Kota Tasikmalaya,Cabai (Gabungan Rawit+Besar),2022,,33.14,
Kota Tasikmalaya,Cabai (Gabungan Rawit+Besar),2023,,16.2,
Kota Tasikmalaya,Cabai (Gabungan Rawit+Besar),2024,,21.88,
Provinsi Jawa Barat,Cabai (Gabungan Rawit+Besar),2015,,16469.0,
Provinsi Jawa Barat,Cabai (Gabungan Rawit+Besar),2016,,16315.0,
Provinsi Jawa Barat,Cabai (Gabungan Rawit+Besar),2017,,,
Provinsi Jawa Barat,Cabai (Gabungan Rawit+Besar),2018,,20678.0,
Provinsi Jawa Barat,Cabai (Gabungan Rawit+Besar),2019,,19315.5,
Provinsi Jawa Barat,Cabai (Gabungan Rawit+Besar),2020,,18266.78,
Provinsi Jawa Barat,Cabai (Gabungan Rawit+Besar),2021,,23120.25,
Provinsi Jawa Barat,Cabai (Gabungan Rawit+Besar),2022,,25400.26,
Provinsi Jawa Barat,Cabai (Gabungan Rawit+Besar),2023,,23098.48,
Provinsi Jawa Barat,Cabai (Gabungan Rawit+Besar),2024,,24608.28,
Kab. Bandung,Cabai Besar/Keriting,2015,24970.6,,
Kab. Bandung,Cabai Besar/Keriting,2016,17224.3,,
Kab. Bandung,Cabai Besar/Keriting,2017,40532.8,,
Kab. Bandung,Cabai Besar/Keriting,2018,49654.6,,
Kab. Bandung,Cabai Besar/Keriting,2019,43426.1,,
Kab. Bandung,Cabai Besar/Keriting,2020,58665.6,,
Kab. Bandung,Cabai Besar/Keriting,2021,120629.2,,
Kab. Bandung,Cabai Besar/Keriting,2022,100094.9,,
Kab. Bandung,Cabai Besar/Keriting,2023,90052.4,,
Kab. Bandung,Cabai Besar/Keriting,2024,89328.1,,
Kab. Bandung Barat,Cabai Besar/Keriting,2015,4131.9,,
Kab. Bandung Barat,Cabai Besar/Keriting,2016,6066.8,,
Kab. Bandung Barat,Cabai Besar/Keriting,2017,7709.2,,
Kab. Bandung Barat,Cabai Besar/Keriting,2018,14037.8,,
Kab. Bandung Barat,Cabai Besar/Keriting,2019,16190.3,,
Kab. Bandung Barat,Cabai Besar/Keriting,2020,7983.5,,
Kab. Bandung Barat,Cabai Besar/Keriting,2021,6737.6,,
Kab. Bandung Barat,Cabai Besar/Keriting,2022,16977.3,,
Kab. Bandung Barat,Cabai Besar/Keriting,2023,13223.6,,
Kab. Bandung Barat,Cabai Besar/Keriting,2024,15152.05,,
Kab. Bekasi,Cabai Besar/Keriting,2015,197.6,,
Kab. Bekasi,Cabai Besar/Keriting,2016,109.2,,
Kab. Bekasi,Cabai Besar/Keriting,2017,44.7,,
Kab. Bekasi,Cabai Besar/Keriting,2018,62.9,,
Kab. Bekasi,Cabai Besar/Keriting,2019,63.7,,
Kab. Bekasi,Cabai Besar/Keriting,2020,43.5,,
Kab. Bekasi,Cabai Besar/Keriting,2021,1456.787,,
Kab. Bekasi,Cabai Besar/Keriting,2022,1078.807,,
Kab. Bekasi,Cabai Besar/Keriting,2023,1798.256,,
Kab. Bekasi,Cabai Besar/Keriting,2024,767.019,,
Kab. Bogor,Cabai Besar/Keriting,2015,2352.1,,
Kab. Bogor,Cabai Besar/Keriting,2016,2993.1,,
Kab. Bogor,Cabai Besar/Keriting,2017,3686.2,,
Kab. Bogor,Cabai Besar/Keriting,2018,3809.7,,
Kab. Bogor,Cabai Besar/Keriting,2019,3669.9,,
Kab. Bogor,Cabai Besar/Keriting,2020,4020.6040000000003,,
Kab. Bogor,Cabai Besar/Keriting,2021,5470.2,,
Kab. Bogor,Cabai Besar/Keriting,2022,7296.786,,
Kab. Bogor,Cabai Besar/Keriting,2023,9962.272,,
Kab. Bogor,Cabai Besar/Keriting,2024,10745.552,,
Kab. Ciamis,Cabai Besar/Keriting,2015,5361.8,,
Kab. Ciamis,Cabai Besar/Keriting,2016,4198.7,,
Kab. Ciamis,Cabai Besar/Keriting,2017,3600.4,,
Kab. Ciamis,Cabai Besar/Keriting,2018,5980.9,,
Kab. Ciamis,Cabai Besar/Keriting,2019,4798.6,,
Kab. Ciamis,Cabai Besar/Keriting,2020,3037.5,,
Kab. Ciamis,Cabai Besar/Keriting,2021,4144.9,,
Kab. Ciamis,Cabai Besar/Keriting,2022,2992.7,,
Kab. Ciamis,Cabai Besar/Keriting,2023,2772.9,,
Kab. Ciamis,Cabai Besar/Keriting,2024,2664.6,,
Kab. Cianjur,Cabai Besar/Keriting,2015,59019.9,,
Kab. Cianjur,Cabai Besar/Keriting,2016,61703.7,,
Kab. Cianjur,Cabai Besar/Keriting,2017,44394.3,,
Kab. Cianjur,Cabai Besar/Keriting,2018,36550.1,,
Kab. Cianjur,Cabai Besar/Keriting,2019,29914.2,,
Kab. Cianjur,Cabai Besar/Keriting,2020,28194.8,,
Kab. Cianjur,Cabai Besar/Keriting,2021,26203.3,,
Kab. Cianjur,Cabai Besar/Keriting,2022,34111.7,,
Kab. Cianjur,Cabai Besar/Keriting,2023,32456.55,,
Kab. Cianjur,Cabai Besar/Keriting,2024,37857.35,,
Kab. Cirebon,Cabai Besar/Keriting,2015,4153.2,,
Kab. Cirebon,Cabai Besar/Keriting,2016,6048.9,,
Kab. Cirebon,Cabai Besar/Keriting,2017,5549.9,,
Kab. Cirebon,Cabai Besar/Keriting,2018,6498.7,,
Kab. Cirebon,Cabai Besar/Keriting,2019,5564.7,,
Kab. Cirebon,Cabai Besar/Keriting,2020,6173.2,,
Kab. Cirebon,Cabai Besar/Keriting,2021,5643.9,,
Kab. Cirebon,Cabai Besar/Keriting,2022,5897.75,,
Kab. Cirebon,Cabai Besar/Keriting,2023,2912.31,,
Kab. Cirebon,Cabai Besar/Keriting,2024,4162.4,,
Kab. Garut,Cabai Besar/Keriting,2015,75720.8,,
Kab. Garut,Cabai Besar/Keriting,2016,80742.8,,
Kab. Garut,Cabai Besar/Keriting,2017,102385.1,,
Kab. Garut,Cabai Besar/Keriting,2018,91135.4,,
Kab. Garut,Cabai Besar/Keriting,2019,92569.0,,
Kab. Garut,Cabai Besar/Keriting,2020,101318.4,,
Kab. Garut,Cabai Besar/Keriting,2021,105629.7,,
Kab. Garut,Cabai Besar/Keriting,2022,120158.5,,
Kab. Garut,Cabai Besar/Keriting,2023,113345.4,,
Kab. Garut,Cabai Besar/Keriting,2024,105729.7,,
Kab. Indramayu,Cabai Besar/Keriting,2015,5598.3,,
Kab. Indramayu,Cabai Besar/Keriting,2016,1989.8,,
Kab. Indramayu,Cabai Besar/Keriting,2017,2391.2,,
Kab. Indramayu,Cabai Besar/Keriting,2018,2627.2,,
Kab. Indramayu,Cabai Besar/Keriting,2019,2523.7,,
Kab. Indramayu,Cabai Besar/Keriting,2020,3602.75,,
Kab. Indramayu,Cabai Besar/Keriting,2021,5849.919,,
Kab. Indramayu,Cabai Besar/Keriting,2022,4253.263,,
Kab. Indramayu,Cabai Besar/Keriting,2023,1647.8380000000002,,
Kab. Indramayu,Cabai Besar/Keriting,2024,3508.881,,
Kab. Karawang,Cabai Besar/Keriting,2015,137.7,,
Kab. Karawang,Cabai Besar/Keriting,2016,77.6,,
Kab. Karawang,Cabai Besar/Keriting,2017,3.0,,
Kab. Karawang,Cabai Besar/Keriting,2018,19.7,,
Kab. Karawang,Cabai Besar/Keriting,2019,28.5,,
Kab. Karawang,Cabai Besar/Keriting,2020,170.6,,
Kab. Karawang,Cabai Besar/Keriting,2021,5.1,,
Kab. Karawang,Cabai Besar/Keriting,2022,27.725,,
Kab. Karawang,Cabai Besar/Keriting,2023,51.14,,
Kab. Karawang,Cabai Besar/Keriting,2024,2.7,,
Kab. Kuningan,Cabai Besar/Keriting,2015,366.7,,
Kab. Kuningan,Cabai Besar/Keriting,2016,1017.6,,
Kab. Kuningan,Cabai Besar/Keriting,2017,1308.5,,
Kab. Kuningan,Cabai Besar/Keriting,2018,647.2,,
Kab. Kuningan,Cabai Besar/Keriting,2019,715.5,,
Kab. Kuningan,Cabai Besar/Keriting,2020,728.4,,
Kab. Kuningan,Cabai Besar/Keriting,2021,522.7,,
Kab. Kuningan,Cabai Besar/Keriting,2022,746.9,,
Kab. Kuningan,Cabai Besar/Keriting,2023,1063.6,,
Kab. Kuningan,Cabai Besar/Keriting,2024,707.6,,
Kab. Majalengka,Cabai Besar/Keriting,2015,9750.0,,
Kab. Majalengka,Cabai Besar/Keriting,2016,11931.9,,
Kab. Majalengka,Cabai Besar/Keriting,2017,12451.7,,
Kab. Majalengka,Cabai Besar/Keriting,2018,13048.9,,
Kab. Majalengka,Cabai Besar/Keriting,2019,12431.4,,
Kab. Majalengka,Cabai Besar/Keriting,2020,7282.6,,
Kab. Majalengka,Cabai Besar/Keriting,2021,9848.2,,
Kab. Majalengka,Cabai Besar/Keriting,2022,6934.0,,
Kab. Majalengka,Cabai Besar/Keriting,2023,7440.75,,
Kab. Majalengka,Cabai Besar/Keriting,2024,7669.63,,
Kab. Pangandaran,Cabai Besar/Keriting,2015,107.2,,
Kab. Pangandaran,Cabai Besar/Keriting,2016,29.2,,
Kab. Pangandaran,Cabai Besar/Keriting,2017,81.8,,
Kab. Pangandaran,Cabai Besar/Keriting,2018,93.7,,
Kab. Pangandaran,Cabai Besar/Keriting,2019,332.8,,
Kab. Pangandaran,Cabai Besar/Keriting,2020,318.8,,
Kab. Pangandaran,Cabai Besar/Keriting,2021,287.6,,
Kab. Pangandaran,Cabai Besar/Keriting,2022,194.1,,
Kab. Pangandaran,Cabai Besar/Keriting,2023,367.2,,
Kab. Pangandaran,Cabai Besar/Keriting,2024,301.2,,
Kab. Purwakarta,Cabai Besar/Keriting,2015,5469.9,,
Kab. Purwakarta,Cabai Besar/Keriting,2016,4329.5,,
Kab. Purwakarta,Cabai Besar/Keriting,2017,4682.2,,
Kab. Purwakarta,Cabai Besar/Keriting,2018,4413.1,,
Kab. Purwakarta,Cabai Besar/Keriting,2019,3875.5,,
Kab. Purwakarta,Cabai Besar/Keriting,2020,3745.5800000000004,,
Kab. Purwakarta,Cabai Besar/Keriting,2021,3945.94,,
Kab. Purwakarta,Cabai Besar/Keriting,2022,5545.55,,
Kab. Purwakarta,Cabai Besar/Keriting,2023,4034.1,,
Kab. Purwakarta,Cabai Besar/Keriting,2024,5017.12,,
Kab. Subang,Cabai Besar/Keriting,2015,5906.2,,
Kab. Subang,Cabai Besar/Keriting,2016,6010.6,,
Kab. Subang,Cabai Besar/Keriting,2017,7452.5,,
Kab. Subang,Cabai Besar/Keriting,2018,5185.4,,
Kab. Subang,Cabai Besar/Keriting,2019,4996.3,,
Kab. Subang,Cabai Besar/Keriting,2020,5090.5,,
Kab. Subang,Cabai Besar/Keriting,2021,4161.2,,
Kab. Subang,Cabai Besar/Keriting,2022,4368.428,,
Kab. Subang,Cabai Besar/Keriting,2023,4408.64,,
Kab. Subang,Cabai Besar/Keriting,2024,2900.35,,
Kab. Sukabumi,Cabai Besar/Keriting,2015,13777.4,,
Kab. Sukabumi,Cabai Besar/Keriting,2016,14908.1,,
Kab. Sukabumi,Cabai Besar/Keriting,2017,11955.6,,
Kab. Sukabumi,Cabai Besar/Keriting,2018,17932.1,,
Kab. Sukabumi,Cabai Besar/Keriting,2019,21674.1,,
Kab. Sukabumi,Cabai Besar/Keriting,2020,15386.7,,
Kab. Sukabumi,Cabai Besar/Keriting,2021,25934.8,,
Kab. Sukabumi,Cabai Besar/Keriting,2022,32508.5,,
Kab. Sukabumi,Cabai Besar/Keriting,2023,23337.32,,
Kab. Sukabumi,Cabai Besar/Keriting,2024,21253.3,,
Kab. Sumedang,Cabai Besar/Keriting,2015,4831.7,,
Kab. Sumedang,Cabai Besar/Keriting,2016,5024.0,,
Kab. Sumedang,Cabai Besar/Keriting,2017,5117.4,,
Kab. Sumedang,Cabai Besar/Keriting,2018,4203.3,,
Kab. Sumedang,Cabai Besar/Keriting,2019,5034.8,,
Kab. Sumedang,Cabai Besar/Keriting,2020,6907.1,,
Kab. Sumedang,Cabai Besar/Keriting,2021,4655.6,,
Kab. Sumedang,Cabai Besar/Keriting,2022,4950.8150000000005,,
Kab. Sumedang,Cabai Besar/Keriting,2023,7151.819,,
Kab. Sumedang,Cabai Besar/Keriting,2024,7865.286,,
Kab. Tasikmalaya,Cabai Besar/Keriting,2015,18019.4,,
Kab. Tasikmalaya,Cabai Besar/Keriting,2016,16824.9,,
Kab. Tasikmalaya,Cabai Besar/Keriting,2017,20026.8,,
Kab. Tasikmalaya,Cabai Besar/Keriting,2018,16897.7,,
Kab. Tasikmalaya,Cabai Besar/Keriting,2019,15183.2,,
Kab. Tasikmalaya,Cabai Besar/Keriting,2020,12297.9,,
Kab. Tasikmalaya,Cabai Besar/Keriting,2021,11111.975999999999,,
Kab. Tasikmalaya,Cabai Besar/Keriting,2022,8904.626,,
Kab. Tasikmalaya,Cabai Besar/Keriting,2023,8110.219999999999,,
Kab. Tasikmalaya,Cabai Besar/Keriting,2024,8074.464999999999,,
Kota Bandung,Cabai Besar/Keriting,2015,0.8,,
Kota Bandung,Cabai Besar/Keriting,2016,1.0,,
Kota Bandung,Cabai Besar/Keriting,2017,1.2,,
Kota Bandung,Cabai Besar/Keriting,2018,0.0,,
Kota Bandung,Cabai Besar/Keriting,2019,0.0,,
Kota Bandung,Cabai Besar/Keriting,2020,0.0,,
Kota Bandung,Cabai Besar/Keriting,2021,0.4,,
Kota Bandung,Cabai Besar/Keriting,2022,20.4,,
Kota Bandung,Cabai Besar/Keriting,2023,2.05,,
Kota Bandung,Cabai Besar/Keriting,2024,11.43,,
Kota Banjar,Cabai Besar/Keriting,2015,43.0,,
Kota Banjar,Cabai Besar/Keriting,2016,28.7,,
Kota Banjar,Cabai Besar/Keriting,2017,71.0,,
Kota Banjar,Cabai Besar/Keriting,2018,283.3,,
Kota Banjar,Cabai Besar/Keriting,2019,228.0,,
Kota Banjar,Cabai Besar/Keriting,2020,328.6,,
Kota Banjar,Cabai Besar/Keriting,2021,306.0,,
Kota Banjar,Cabai Besar/Keriting,2022,298.5,,
Kota Banjar,Cabai Besar/Keriting,2023,585.0,,
Kota Banjar,Cabai Besar/Keriting,2024,307.5,,
Kota Bekasi,Cabai Besar/Keriting,2015,36.7,,
Kota Bekasi,Cabai Besar/Keriting,2016,14.4,,
Kota Bekasi,Cabai Besar/Keriting,2017,17.3,,
Kota Bekasi,Cabai Besar/Keriting,2018,9.0,,
Kota Bekasi,Cabai Besar/Keriting,2019,0.0,,
Kota Bekasi,Cabai Besar/Keriting,2020,0.0,,
Kota Bekasi,Cabai Besar/Keriting,2021,0.0,,
Kota Bekasi,Cabai Besar/Keriting,2022,20.0,,
Kota Bekasi,Cabai Besar/Keriting,2023,0.0,,
Kota Bekasi,Cabai Besar/Keriting,2024,0.0,,
Kota Bogor,Cabai Besar/Keriting,2015,328.0,,
Kota Bogor,Cabai Besar/Keriting,2016,351.0,,
Kota Bogor,Cabai Besar/Keriting,2017,325.0,,
Kota Bogor,Cabai Besar/Keriting,2018,193.0,,
Kota Bogor,Cabai Besar/Keriting,2019,144.0,,
Kota Bogor,Cabai Besar/Keriting,2020,92.0,,
Kota Bogor,Cabai Besar/Keriting,2021,133.0,,
Kota Bogor,Cabai Besar/Keriting,2022,98.2,,
Kota Bogor,Cabai Besar/Keriting,2023,90.0,,
Kota Bogor,Cabai Besar/Keriting,2024,26.0,,
Kota Cimahi,Cabai Besar/Keriting,2015,58.2,,
Kota Cimahi,Cabai Besar/Keriting,2016,41.0,,
Kota Cimahi,Cabai Besar/Keriting,2017,3.0,,
Kota Cimahi,Cabai Besar/Keriting,2018,14.0,,
Kota Cimahi,Cabai Besar/Keriting,2019,35.0,,
Kota Cimahi,Cabai Besar/Keriting,2020,25.5,,
Kota Cimahi,Cabai Besar/Keriting,2021,25.0,,
Kota Cimahi,Cabai Besar/Keriting,2022,0.0,,
Kota Cimahi,Cabai Besar/Keriting,2023,2.746,,
Kota Cimahi,Cabai Besar/Keriting,2024,2.793,,
Kota Cirebon,Cabai Besar/Keriting,2015,0.0,,
Kota Cirebon,Cabai Besar/Keriting,2016,0.3,,
Kota Cirebon,Cabai Besar/Keriting,2017,0.0,,
Kota Cirebon,Cabai Besar/Keriting,2018,107.7,,
Kota Cirebon,Cabai Besar/Keriting,2019,32.1,,
Kota Cirebon,Cabai Besar/Keriting,2020,32.7,,
Kota Cirebon,Cabai Besar/Keriting,2021,67.0,,
Kota Cirebon,Cabai Besar/Keriting,2022,0.0,,
Kota Cirebon,Cabai Besar/Keriting,2023,1.5,,
Kota Cirebon,Cabai Besar/Keriting,2024,1.4,,
Kota Depok,Cabai Besar/Keriting,2015,0.0,,
Kota Depok,Cabai Besar/Keriting,2016,0.0,,
Kota Depok,Cabai Besar/Keriting,2017,0.0,,
Kota Depok,Cabai Besar/Keriting,2018,0.0,,
Kota Depok,Cabai Besar/Keriting,2019,0.0,,
Kota Depok,Cabai Besar/Keriting,2020,0.0,,
Kota Depok,Cabai Besar/Keriting,2021,0.0,,
Kota Depok,Cabai Besar/Keriting,2022,0.0,,
Kota Depok,Cabai Besar/Keriting,2023,0.0,,
Kota Depok,Cabai Besar/Keriting,2024,17.236,,
Kota Sukabumi,Cabai Besar/Keriting,2015,159.5,,
Kota Sukabumi,Cabai Besar/Keriting,2016,83.0,,
Kota Sukabumi,Cabai Besar/Keriting,2017,200.5,,
Kota Sukabumi,Cabai Besar/Keriting,2018,98.0,,
Kota Sukabumi,Cabai Besar/Keriting,2019,66.5,,
Kota Sukabumi,Cabai Besar/Keriting,2020,123.2,,
Kota Sukabumi,Cabai Besar/Keriting,2021,35.833999999999996,,
Kota Sukabumi,Cabai Besar/Keriting,2022,0.0,,
Kota Sukabumi,Cabai Besar/Keriting,2023,13.322999999999999,,
Kota Sukabumi,Cabai Besar/Keriting,2024,7.755,,
Kota Tasikmalaya,Cabai Besar/Keriting,2015,365.3,,
Kota Tasikmalaya,Cabai Besar/Keriting,2016,362.9,,
Kota Tasikmalaya,Cabai Besar/Keriting,2017,319.9,,
Kota Tasikmalaya,Cabai Besar/Keriting,2018,534.0,,
Kota Tasikmalaya,Cabai Besar/Keriting,2019,451.3,,
Kota Tasikmalaya,Cabai Besar/Keriting,2020,496.6,,
Kota Tasikmalaya,Cabai Besar/Keriting,2021,260.9,,
Kota Tasikmalaya,Cabai Besar/Keriting,2022,216.0,,
Kota Tasikmalaya,Cabai Besar/Keriting,2023,137.5,,
Kota Tasikmalaya,Cabai Besar/Keriting,2024,147.094,,
Provinsi Jawa Barat,Cabai Besar/Keriting,2015,240863.9,,
Provinsi Jawa Barat,Cabai Besar/Keriting,2016,242113.0,,
Provinsi Jawa Barat,Cabai Besar/Keriting,2017,274311.2,,
Provinsi Jawa Barat,Cabai Besar/Keriting,2018,274037.4,,
Provinsi Jawa Barat,Cabai Besar/Keriting,2019,263949.2,,
Provinsi Jawa Barat,Cabai Besar/Keriting,2020,266066.63399999996,,
Provinsi Jawa Barat,Cabai Besar/Keriting,2021,343066.756,,
Provinsi Jawa Barat,Cabai Besar/Keriting,2022,357695.45,,
Provinsi Jawa Barat,Cabai Besar/Keriting,2023,324968.434,,
Provinsi Jawa Barat,Cabai Besar/Keriting,2024,324228.511,,
Kab. Bandung,Cabai Rawit,2015,13310.8,,
Kab. Bandung,Cabai Rawit,2016,9300.3,,
Kab. Bandung,Cabai Rawit,2017,58073.0,,
Kab. Bandung,Cabai Rawit,2018,18891.1,,
Kab. Bandung,Cabai Rawit,2019,21044.6,,
Kab. Bandung,Cabai Rawit,2020,21258.3,,
Kab. Bandung,Cabai Rawit,2021,23679.9,,
Kab. Bandung,Cabai Rawit,2022,30760.1,,
Kab. Bandung,Cabai Rawit,2023,27637.8,,
Kab. Bandung,Cabai Rawit,2024,37861.8,,
Kab. Bandung Barat,Cabai Rawit,2015,4607.7,,
Kab. Bandung Barat,Cabai Rawit,2016,6978.7,,
Kab. Bandung Barat,Cabai Rawit,2017,15095.1,,
Kab. Bandung Barat,Cabai Rawit,2018,9674.9,,
Kab. Bandung Barat,Cabai Rawit,2019,7180.2,,
Kab. Bandung Barat,Cabai Rawit,2020,8546.2,,
Kab. Bandung Barat,Cabai Rawit,2021,5289.0,,
Kab. Bandung Barat,Cabai Rawit,2022,4659.7,,
Kab. Bandung Barat,Cabai Rawit,2023,5642.1,,
Kab. Bandung Barat,Cabai Rawit,2024,5967.61,,
Kab. Bekasi,Cabai Rawit,2015,37.1,,
Kab. Bekasi,Cabai Rawit,2016,13.2,,
Kab. Bekasi,Cabai Rawit,2017,145.3,,
Kab. Bekasi,Cabai Rawit,2018,93.8,,
Kab. Bekasi,Cabai Rawit,2019,94.6,,
Kab. Bekasi,Cabai Rawit,2020,51.625,,
Kab. Bekasi,Cabai Rawit,2021,582.53,,
Kab. Bekasi,Cabai Rawit,2022,461.962,,
Kab. Bekasi,Cabai Rawit,2023,967.1,,
Kab. Bekasi,Cabai Rawit,2024,571.086,,
Kab. Bogor,Cabai Rawit,2015,882.6,,
Kab. Bogor,Cabai Rawit,2016,1070.9,,
Kab. Bogor,Cabai Rawit,2017,5069.1,,
Kab. Bogor,Cabai Rawit,2018,2228.0,,
Kab. Bogor,Cabai Rawit,2019,2184.2,,
Kab. Bogor,Cabai Rawit,2020,1952.8830000000003,,
Kab. Bogor,Cabai Rawit,2021,3108.361,,
Kab. Bogor,Cabai Rawit,2022,4893.878,,
Kab. Bogor,Cabai Rawit,2023,5577.293,,
Kab. Bogor,Cabai Rawit,2024,4477.816000000001,,
Kab. Ciamis,Cabai Rawit,2015,1056.2,,
Kab. Ciamis,Cabai Rawit,2016,1189.8,,
Kab. Ciamis,Cabai Rawit,2017,4475.4,,
Kab. Ciamis,Cabai Rawit,2018,1986.0,,
Kab. Ciamis,Cabai Rawit,2019,1267.6,,
Kab. Ciamis,Cabai Rawit,2020,1170.3,,
Kab. Ciamis,Cabai Rawit,2021,1225.3,,
Kab. Ciamis,Cabai Rawit,2022,1864.6,,
Kab. Ciamis,Cabai Rawit,2023,1844.4,,
Kab. Ciamis,Cabai Rawit,2024,1723.5,,
Kab. Cianjur,Cabai Rawit,2015,19713.5,,
Kab. Cianjur,Cabai Rawit,2016,14644.7,,
Kab. Cianjur,Cabai Rawit,2017,62442.5,,
Kab. Cianjur,Cabai Rawit,2018,22309.9,,
Kab. Cianjur,Cabai Rawit,2019,15101.2,,
Kab. Cianjur,Cabai Rawit,2020,15265.0,,
Kab. Cianjur,Cabai Rawit,2021,19843.6,,
Kab. Cianjur,Cabai Rawit,2022,18684.05,,
Kab. Cianjur,Cabai Rawit,2023,22015.15,,
Kab. Cianjur,Cabai Rawit,2024,19482.9,,
Kab. Cirebon,Cabai Rawit,2015,16.3,,
Kab. Cirebon,Cabai Rawit,2016,120.0,,
Kab. Cirebon,Cabai Rawit,2017,5716.5,,
Kab. Cirebon,Cabai Rawit,2018,14.0,,
Kab. Cirebon,Cabai Rawit,2019,23.0,,
Kab. Cirebon,Cabai Rawit,2020,37.7,,
Kab. Cirebon,Cabai Rawit,2021,31.919999999999998,,
Kab. Cirebon,Cabai Rawit,2022,17.3,,
Kab. Cirebon,Cabai Rawit,2023,22.29,,
Kab. Cirebon,Cabai Rawit,2024,94.35,,
Kab. Garut,Cabai Rawit,2015,31858.7,,
Kab. Garut,Cabai Rawit,2016,33720.2,,
Kab. Garut,Cabai Rawit,2017,153665.3,,
Kab. Garut,Cabai Rawit,2018,39130.4,,
Kab. Garut,Cabai Rawit,2019,45990.7,,
Kab. Garut,Cabai Rawit,2020,46206.0,,
Kab. Garut,Cabai Rawit,2021,46945.4,,
Kab. Garut,Cabai Rawit,2022,48427.9,,
Kab. Garut,Cabai Rawit,2023,65160.3,,
Kab. Garut,Cabai Rawit,2024,53357.2,,
Kab. Indramayu,Cabai Rawit,2015,756.0,,
Kab. Indramayu,Cabai Rawit,2016,903.3,,
Kab. Indramayu,Cabai Rawit,2017,3487.8,,
Kab. Indramayu,Cabai Rawit,2018,446.0,,
Kab. Indramayu,Cabai Rawit,2019,130.9,,
Kab. Indramayu,Cabai Rawit,2020,353.908,,
Kab. Indramayu,Cabai Rawit,2021,625.018,,
Kab. Indramayu,Cabai Rawit,2022,1232.325,,
Kab. Indramayu,Cabai Rawit,2023,588.431,,
Kab. Indramayu,Cabai Rawit,2024,1056.69,,
Kab. Karawang,Cabai Rawit,2015,568.0,,
Kab. Karawang,Cabai Rawit,2016,322.5,,
Kab. Karawang,Cabai Rawit,2017,86.6,,
Kab. Karawang,Cabai Rawit,2018,186.6,,
Kab. Karawang,Cabai Rawit,2019,134.5,,
Kab. Karawang,Cabai Rawit,2020,102.5,,
Kab. Karawang,Cabai Rawit,2021,189.7,,
Kab. Karawang,Cabai Rawit,2022,14.5,,
Kab. Karawang,Cabai Rawit,2023,192.307,,
Kab. Karawang,Cabai Rawit,2024,44.8,,
Kab. Kuningan,Cabai Rawit,2015,2785.3,,
Kab. Kuningan,Cabai Rawit,2016,1340.3,,
Kab. Kuningan,Cabai Rawit,2017,4124.5,,
Kab. Kuningan,Cabai Rawit,2018,2792.7,,
Kab. Kuningan,Cabai Rawit,2019,2032.1,,
Kab. Kuningan,Cabai Rawit,2020,1839.8,,
Kab. Kuningan,Cabai Rawit,2021,1281.4,,
Kab. Kuningan,Cabai Rawit,2022,1056.8,,
Kab. Kuningan,Cabai Rawit,2023,1451.8,,
Kab. Kuningan,Cabai Rawit,2024,918.4,,
Kab. Majalengka,Cabai Rawit,2015,3438.0,,
Kab. Majalengka,Cabai Rawit,2016,7966.7,,
Kab. Majalengka,Cabai Rawit,2017,19959.7,,
Kab. Majalengka,Cabai Rawit,2018,8107.7,,
Kab. Majalengka,Cabai Rawit,2019,7782.8,,
Kab. Majalengka,Cabai Rawit,2020,6700.4,,
Kab. Majalengka,Cabai Rawit,2021,8869.7,,
Kab. Majalengka,Cabai Rawit,2022,6977.6,,
Kab. Majalengka,Cabai Rawit,2023,4541.4400000000005,,
Kab. Majalengka,Cabai Rawit,2024,6279.9400000000005,,
Kab. Pangandaran,Cabai Rawit,2015,220.4,,
Kab. Pangandaran,Cabai Rawit,2016,106.4,,
Kab. Pangandaran,Cabai Rawit,2017,262.7,,
Kab. Pangandaran,Cabai Rawit,2018,78.1,,
Kab. Pangandaran,Cabai Rawit,2019,106.3,,
Kab. Pangandaran,Cabai Rawit,2020,176.7,,
Kab. Pangandaran,Cabai Rawit,2021,248.4,,
Kab. Pangandaran,Cabai Rawit,2022,102.7,,
Kab. Pangandaran,Cabai Rawit,2023,134.9,,
Kab. Pangandaran,Cabai Rawit,2024,255.6,,
Kab. Purwakarta,Cabai Rawit,2015,7116.3,,
Kab. Purwakarta,Cabai Rawit,2016,5029.5,,
Kab. Purwakarta,Cabai Rawit,2017,10066.4,,
Kab. Purwakarta,Cabai Rawit,2018,5049.3,,
Kab. Purwakarta,Cabai Rawit,2019,3540.2,,
Kab. Purwakarta,Cabai Rawit,2020,4549.5,,
Kab. Purwakarta,Cabai Rawit,2021,2218.2400000000002,,
Kab. Purwakarta,Cabai Rawit,2022,2815.15,,
Kab. Purwakarta,Cabai Rawit,2023,2188.17,,
Kab. Purwakarta,Cabai Rawit,2024,2538.43,,
Kab. Subang,Cabai Rawit,2015,2142.3,,
Kab. Subang,Cabai Rawit,2016,2956.8,,
Kab. Subang,Cabai Rawit,2017,11150.7,,
Kab. Subang,Cabai Rawit,2018,3383.3,,
Kab. Subang,Cabai Rawit,2019,3334.9,,
Kab. Subang,Cabai Rawit,2020,3893.7160000000003,,
Kab. Subang,Cabai Rawit,2021,2550.92,,
Kab. Subang,Cabai Rawit,2022,3121.75,,
Kab. Subang,Cabai Rawit,2023,1806.1,,
Kab. Subang,Cabai Rawit,2024,1531.25,,
Kab. Sukabumi,Cabai Rawit,2015,13135.0,,
Kab. Sukabumi,Cabai Rawit,2016,7465.2,,
Kab. Sukabumi,Cabai Rawit,2017,20810.6,,
Kab. Sukabumi,Cabai Rawit,2018,9514.8,,
Kab. Sukabumi,Cabai Rawit,2019,11391.0,,
Kab. Sukabumi,Cabai Rawit,2020,10534.0,,
Kab. Sukabumi,Cabai Rawit,2021,13811.529999999999,,
Kab. Sukabumi,Cabai Rawit,2022,16981.9,,
Kab. Sukabumi,Cabai Rawit,2023,15785.91,,
Kab. Sukabumi,Cabai Rawit,2024,16755.8,,
Kab. Sumedang,Cabai Rawit,2015,3284.3,,
Kab. Sumedang,Cabai Rawit,2016,4115.2,,
Kab. Sumedang,Cabai Rawit,2017,8590.6,,
Kab. Sumedang,Cabai Rawit,2018,2757.8,,
Kab. Sumedang,Cabai Rawit,2019,3324.1,,
Kab. Sumedang,Cabai Rawit,2020,4333.8330000000005,,
Kab. Sumedang,Cabai Rawit,2021,3107.73,,
Kab. Sumedang,Cabai Rawit,2022,3559.821,,
Kab. Sumedang,Cabai Rawit,2023,4259.3150000000005,,
Kab. Sumedang,Cabai Rawit,2024,6339.632,,
Kab. Tasikmalaya,Cabai Rawit,2015,5858.1,,
Kab. Tasikmalaya,Cabai Rawit,2016,3446.3,,
Kab. Tasikmalaya,Cabai Rawit,2017,24015.7,,
Kab. Tasikmalaya,Cabai Rawit,2018,3788.9,,
Kab. Tasikmalaya,Cabai Rawit,2019,2891.9,,
Kab. Tasikmalaya,Cabai Rawit,2020,2911.3,,
Kab. Tasikmalaya,Cabai Rawit,2021,2678.6040000000003,,
Kab. Tasikmalaya,Cabai Rawit,2022,2437.311,,
Kab. Tasikmalaya,Cabai Rawit,2023,2767.701,,
Kab. Tasikmalaya,Cabai Rawit,2024,3147.471,,
Kota Bandung,Cabai Rawit,2015,20.6,,
Kota Bandung,Cabai Rawit,2016,10.8,,
Kota Bandung,Cabai Rawit,2017,5.8,,
Kota Bandung,Cabai Rawit,2018,0.0,,
Kota Bandung,Cabai Rawit,2019,12.4,,
Kota Bandung,Cabai Rawit,2020,7.2,,
Kota Bandung,Cabai Rawit,2021,2.0,,
Kota Bandung,Cabai Rawit,2022,137.0,,
Kota Bandung,Cabai Rawit,2023,4.042,,
Kota Bandung,Cabai Rawit,2024,21.038999999999998,,
Kota Banjar,Cabai Rawit,2015,96.4,,
Kota Banjar,Cabai Rawit,2016,103.3,,
Kota Banjar,Cabai Rawit,2017,247.0,,
Kota Banjar,Cabai Rawit,2018,335.5,,
Kota Banjar,Cabai Rawit,2019,239.7,,
Kota Banjar,Cabai Rawit,2020,366.5,,
Kota Banjar,Cabai Rawit,2021,431.0,,
Kota Banjar,Cabai Rawit,2022,376.0,,
Kota Banjar,Cabai Rawit,2023,411.1,,
Kota Banjar,Cabai Rawit,2024,441.5,,
Kota Bekasi,Cabai Rawit,2015,18.9,,
Kota Bekasi,Cabai Rawit,2016,46.5,,
Kota Bekasi,Cabai Rawit,2017,41.3,,
Kota Bekasi,Cabai Rawit,2018,4.3,,
Kota Bekasi,Cabai Rawit,2019,52.0,,
Kota Bekasi,Cabai Rawit,2020,37.4,,
Kota Bekasi,Cabai Rawit,2021,211.8,,
Kota Bekasi,Cabai Rawit,2022,232.8,,
Kota Bekasi,Cabai Rawit,2023,570.0,,
Kota Bekasi,Cabai Rawit,2024,485.0,,
Kota Bogor,Cabai Rawit,2015,1605.0,,
Kota Bogor,Cabai Rawit,2016,450.0,,
Kota Bogor,Cabai Rawit,2017,1018.0,,
Kota Bogor,Cabai Rawit,2018,551.0,,
Kota Bogor,Cabai Rawit,2019,527.0,,
Kota Bogor,Cabai Rawit,2020,479.0,,
Kota Bogor,Cabai Rawit,2021,348.0,,
Kota Bogor,Cabai Rawit,2022,182.0,,
Kota Bogor,Cabai Rawit,2023,284.0,,
Kota Bogor,Cabai Rawit,2024,253.5,,
Kota Cimahi,Cabai Rawit,2015,71.4,,
Kota Cimahi,Cabai Rawit,2016,63.8,,
Kota Cimahi,Cabai Rawit,2017,79.5,,
Kota Cimahi,Cabai Rawit,2018,0.0,,
Kota Cimahi,Cabai Rawit,2019,24.0,,
Kota Cimahi,Cabai Rawit,2020,27.0,,
Kota Cimahi,Cabai Rawit,2021,51.0,,
Kota Cimahi,Cabai Rawit,2022,29.5,,
Kota Cimahi,Cabai Rawit,2023,2.2199999999999998,,
Kota Cimahi,Cabai Rawit,2024,8.156,,
Kota Cirebon,Cabai Rawit,2015,0.0,,
Kota Cirebon,Cabai Rawit,2016,0.0,,
Kota Cirebon,Cabai Rawit,2017,0.0,,
Kota Cirebon,Cabai Rawit,2018,0.0,,
Kota Cirebon,Cabai Rawit,2019,0.0,,
Kota Cirebon,Cabai Rawit,2020,0.0,,
Kota Cirebon,Cabai Rawit,2021,45.0,,
Kota Cirebon,Cabai Rawit,2022,15.0,,
Kota Cirebon,Cabai Rawit,2023,0.0,,
Kota Cirebon,Cabai Rawit,2024,1.0,,
Kota Depok,Cabai Rawit,2015,0.0,,
Kota Depok,Cabai Rawit,2016,0.0,,
Kota Depok,Cabai Rawit,2017,0.0,,
Kota Depok,Cabai Rawit,2018,4.5,,
Kota Depok,Cabai Rawit,2019,0.7,,
Kota Depok,Cabai Rawit,2020,0.6,,
Kota Depok,Cabai Rawit,2021,2.0,,
Kota Depok,Cabai Rawit,2022,1.5,,
Kota Depok,Cabai Rawit,2023,21.522,,
Kota Depok,Cabai Rawit,2024,23.35,,
Kota Sukabumi,Cabai Rawit,2015,0.0,,
Kota Sukabumi,Cabai Rawit,2016,0.0,,
Kota Sukabumi,Cabai Rawit,2017,200.5,,
Kota Sukabumi,Cabai Rawit,2018,26.5,,
Kota Sukabumi,Cabai Rawit,2019,22.7,,
Kota Sukabumi,Cabai Rawit,2020,0.0,,
Kota Sukabumi,Cabai Rawit,2021,0.0,,
Kota Sukabumi,Cabai Rawit,2022,0.0,,
Kota Sukabumi,Cabai Rawit,2023,4.032,,
Kota Sukabumi,Cabai Rawit,2024,1.379,,
Kota Tasikmalaya,Cabai Rawit,2015,35.5,,
Kota Tasikmalaya,Cabai Rawit,2016,87.8,,
Kota Tasikmalaya,Cabai Rawit,2017,391.1,,
Kota Tasikmalaya,Cabai Rawit,2018,63.1,,
Kota Tasikmalaya,Cabai Rawit,2019,60.8,,
Kota Tasikmalaya,Cabai Rawit,2020,37.1,,
Kota Tasikmalaya,Cabai Rawit,2021,78.2,,
Kota Tasikmalaya,Cabai Rawit,2022,10.0,,
Kota Tasikmalaya,Cabai Rawit,2023,109.647,,
Kota Tasikmalaya,Cabai Rawit,2024,116.68599999999999,,
Provinsi Jawa Barat,Cabai Rawit,2015,112634.4,,
Provinsi Jawa Barat,Cabai Rawit,2016,101542.2,,
Provinsi Jawa Barat,Cabai Rawit,2017,409220.7,,
Provinsi Jawa Barat,Cabai Rawit,2018,131418.2,,
Provinsi Jawa Barat,Cabai Rawit,2019,128494.1,,
Provinsi Jawa Barat,Cabai Rawit,2020,130838.465,,
Provinsi Jawa Barat,Cabai Rawit,2021,137456.253,,
Provinsi Jawa Barat,Cabai Rawit,2022,149053.147,,
Provinsi Jawa Barat,Cabai Rawit,2023,163989.07,,
Provinsi Jawa Barat,Cabai Rawit,2024,163755.885,,
